<?xml version="1.0"?>
<?mso-application progid="Excel.Sheet"?>
<Workbook xmlns="urn:schemas-microsoft-com:office:spreadsheet"
 xmlns:o="urn:schemas-microsoft-com:office:office"
 xmlns:x="urn:schemas-microsoft-com:office:excel"
 xmlns:ss="urn:schemas-microsoft-com:office:spreadsheet"
 xmlns:html="http://www.w3.org/TR/REC-html40">
 <DocumentProperties xmlns="urn:schemas-microsoft-com:office:office">
  <Author>Gabadzo Palane Dube</Author>
  <LastAuthor>Gabadzo Palane Dube</LastAuthor>
  <Created>2025-08-12T08:36:57Z</Created>
  <Version>16.00</Version>
 </DocumentProperties>
 <OfficeDocumentSettings xmlns="urn:schemas-microsoft-com:office:office">
  <AllowPNG/>
 </OfficeDocumentSettings>
 <ExcelWorkbook xmlns="urn:schemas-microsoft-com:office:excel">
  <WindowHeight>7305</WindowHeight>
  <WindowWidth>20490</WindowWidth>
  <WindowTopX>32767</WindowTopX>
  <WindowTopY>32767</WindowTopY>
  <ProtectStructure>False</ProtectStructure>
  <ProtectWindows>False</ProtectWindows>
 </ExcelWorkbook>
 <Styles>
  <Style ss:ID="Default" ss:Name="Normal">
   <Alignment ss:Vertical="Bottom"/>
   <Borders/>
   <Font ss:FontName="Aptos Narrow" x:Family="Swiss" ss:Size="11"
    ss:Color="#000000"/>
   <Interior/>
   <NumberFormat/>
   <Protection/>
  </Style>
  <Style ss:ID="s62">
   <Alignment ss:Horizontal="Center" ss:Vertical="Center"/>
  </Style>
  <Style ss:ID="s63">
   <Alignment ss:Horizontal="Left" ss:Vertical="Center"/>
  </Style>
 </Styles>
 <Worksheet ss:Name="Sheet1">
  <Table ss:ExpandedColumnCount="2" ss:ExpandedRowCount="30" x:FullColumns="1"
   x:FullRows="1" ss:DefaultRowHeight="15">
   <Column ss:StyleID="s62" ss:AutoFitWidth="0" ss:Width="234.75"/>
   <Column ss:StyleID="s62" ss:AutoFitWidth="0" ss:Width="56.25"/>
   <Row>
    <Cell ss:StyleID="s63"><Data ss:Type="String">Car</Data></Cell>
    <Cell><Data ss:Type="String">Fuel Tank</Data></Cell>
   </Row>
   <Row>
    <Cell ss:StyleID="s63"><Data ss:Type="String">BMW 7 Series 740Li</Data></Cell>
    <Cell><Data ss:Type="String">7.9l/100km</Data></Cell>
   </Row>
   <Row>
    <Cell ss:StyleID="s63"><Data ss:Type="String">BMW 7 Series 730Ld</Data></Cell>
    <Cell><Data ss:Type="String">5.7l/100km</Data></Cell>
   </Row>
   <Row>
    <Cell ss:StyleID="s63"><Data ss:Type="String">BMW 7 Series 740Li M Sport</Data></Cell>
    <Cell><Data ss:Type="String">7.9l/100km</Data></Cell>
   </Row>
   <Row>
    <Cell ss:StyleID="s63"><Data ss:Type="String">BMW 7 Series 730Ld M Sport</Data></Cell>
    <Cell><Data ss:Type="String">5.7l/100km</Data></Cell>
   </Row>
   <Row>
    <Cell ss:StyleID="s63"><Data ss:Type="String">BMW 7 Series 745Le xDrive</Data></Cell>
    <Cell><Data ss:Type="String">2.8l/100km</Data></Cell>
   </Row>
   <Row>
    <Cell ss:StyleID="s63"><Data ss:Type="String">BMW 7 Series 745Le xDrive M Sport</Data></Cell>
    <Cell><Data ss:Type="String">2.8l/100km</Data></Cell>
   </Row>
   <Row>
    <Cell ss:StyleID="s63"><Data ss:Type="String">BMW 7 Series 740Li Individual</Data></Cell>
    <Cell><Data ss:Type="String">7.9l/100km</Data></Cell>
   </Row>
   <Row>
    <Cell ss:StyleID="s63"><Data ss:Type="String">BMW 7 Series 730Ld Individual</Data></Cell>
    <Cell><Data ss:Type="String">5.7l/100km</Data></Cell>
   </Row>
   <Row>
    <Cell ss:StyleID="s63"><Data ss:Type="String">BMW 7 Series 745Le xDrive Individual</Data></Cell>
    <Cell><Data ss:Type="String">2.8l/100km</Data></Cell>
   </Row>
   <Row>
    <Cell ss:StyleID="s63"><Data ss:Type="String">BMW 7 Series 750Li xDrive</Data></Cell>
    <Cell><Data ss:Type="String">10.2l/100km</Data></Cell>
   </Row>
   <Row>
    <Cell ss:StyleID="s63"><Data ss:Type="String">BMW 7 Series 750Li xDrive M Sport</Data></Cell>
    <Cell><Data ss:Type="String">10.2l/100km</Data></Cell>
   </Row>
   <Row>
    <Cell ss:StyleID="s63"><Data ss:Type="String">BMW 7 Series 750Li xDrive Individual</Data></Cell>
    <Cell><Data ss:Type="String">10.2l/100km</Data></Cell>
   </Row>
   <Row>
    <Cell ss:StyleID="s63"><Data ss:Type="String">BMW 7 Series M760Li xDrive</Data></Cell>
    <Cell><Data ss:Type="String">12.5l/100km</Data></Cell>
   </Row>
   <Row>
    <Cell ss:StyleID="s63"><Data ss:Type="String">BMW 7 Series M760Li xDrive V12 Excellence</Data></Cell>
    <Cell><Data ss:Type="String">12.5l/100km</Data></Cell>
   </Row>
   <Row>
    <Cell ss:StyleID="s63"><Data ss:Type="String">BMW 7 Series M760Li xDrive V12 Individual</Data></Cell>
    <Cell><Data ss:Type="String">12.5l/100km</Data></Cell>
   </Row>
   <Row>
    <Cell ss:StyleID="s63"><Data ss:Type="String">Toyota Corolla 1.3 Esteem</Data></Cell>
    <Cell><Data ss:Type="String">6.0l/100km</Data></Cell>
   </Row>
   <Row>
    <Cell ss:StyleID="s63"><Data ss:Type="String">Toyota Corolla 1.6 Esteem</Data></Cell>
    <Cell><Data ss:Type="String">6.6l/100km</Data></Cell>
   </Row>
   <Row>
    <Cell ss:StyleID="s63"><Data ss:Type="String">Toyota Corolla 1.3 Prestige</Data></Cell>
    <Cell><Data ss:Type="String">6.0l/100km</Data></Cell>
   </Row>
   <Row>
    <Cell ss:StyleID="s63"><Data ss:Type="String">Toyota Corolla 1.4D-4D Esteem</Data></Cell>
    <Cell><Data ss:Type="String">4.5l/100km</Data></Cell>
   </Row>
   <Row>
    <Cell ss:StyleID="s63"><Data ss:Type="String">Toyota Corolla 1.6 Prestige</Data></Cell>
    <Cell><Data ss:Type="String">6.6l/100km</Data></Cell>
   </Row>
   <Row>
    <Cell ss:StyleID="s63"><Data ss:Type="String">Toyota Corolla 1.4D-4D Prestige</Data></Cell>
    <Cell><Data ss:Type="String">4.5l/100km</Data></Cell>
   </Row>
   <Row>
    <Cell ss:StyleID="s63"><Data ss:Type="String">Toyota Corolla 1.8 Prestige</Data></Cell>
    <Cell><Data ss:Type="String">7.0l/100km</Data></Cell>
   </Row>
   <Row>
    <Cell ss:StyleID="s63"><Data ss:Type="String">Toyota Corolla 1.6 Prestige auto</Data></Cell>
    <Cell><Data ss:Type="String">6.3l/100km</Data></Cell>
   </Row>
   <Row>
    <Cell ss:StyleID="s63"><Data ss:Type="String">Toyota Corolla 1.6 Prestige+ auto</Data></Cell>
    <Cell><Data ss:Type="String">6.7l/100km</Data></Cell>
   </Row>
   <Row>
    <Cell ss:StyleID="s63"><Data ss:Type="String">Toyota Corolla hatch 1.2T XS</Data></Cell>
    <Cell><Data ss:Type="String">6.1l/100km</Data></Cell>
   </Row>
   <Row>
    <Cell ss:StyleID="s63"><Data ss:Type="String">Toyota Corolla hatch 1.2T XS auto</Data></Cell>
    <Cell><Data ss:Type="String">6.1l/100km</Data></Cell>
   </Row>
   <Row>
    <Cell ss:StyleID="s63"><Data ss:Type="String">Toyota Corolla 1.8 Exclusive</Data></Cell>
    <Cell><Data ss:Type="String">7.0l/100km</Data></Cell>
   </Row>
   <Row>
    <Cell ss:StyleID="s63"><Data ss:Type="String">Toyota Corolla hatch 1.2T XR</Data></Cell>
    <Cell><Data ss:Type="String">6.1l/100km</Data></Cell>
   </Row>
   <Row>
    <Cell ss:StyleID="s63"><Data ss:Type="String">Toyota Corolla 1.8 Exclusive auto</Data></Cell>
    <Cell><Data ss:Type="String">6.4l/100km</Data></Cell>
   </Row>
  </Table>
  <WorksheetOptions xmlns="urn:schemas-microsoft-com:office:excel">
   <PageSetup>
    <Header x:Margin="0.3"/>
    <Footer x:Margin="0.3"/>
    <PageMargins x:Bottom="0.75" x:Left="0.7" x:Right="0.7" x:Top="0.75"/>
   </PageSetup>
   <Selected/>
   <Panes>
    <Pane>
     <Number>3</Number>
     <ActiveRow>6</ActiveRow>
     <ActiveCol>5</ActiveCol>
    </Pane>
   </Panes>
   <ProtectObjects>False</ProtectObjects>
   <ProtectScenarios>False</ProtectScenarios>
  </WorksheetOptions>
 </Worksheet>
</Workbook>
